 ,Label,Area,Mean,X,Y
1,img4.plate.jpeg,0,57,134,650
2,img4.plate.jpeg,0,49,77,625
3,img4.plate.jpeg,0,47,68,621
4,img4.plate.jpeg,0,49,153,612
5,img4.plate.jpeg,0,40,199,617
6,img4.plate.jpeg,0,64,224,615
7,img4.plate.jpeg,0,72,348,611
8,img4.plate.jpeg,0,57,439,613
9,img4.plate.jpeg,0,54,376,639
10,img4.plate.jpeg,0,52,338,673
11,img4.plate.jpeg,0,26,292,691
12,img4.plate.jpeg,0,69,265,713
13,img4.plate.jpeg,0,27,240,692
14,img4.plate.jpeg,0,62,258,706
15,img4.plate.jpeg,0,54,274,708
16,img4.plate.jpeg,0,79,287,725
17,img4.plate.jpeg,0,52,288,741
18,img4.plate.jpeg,0,62,170,742
19,img4.plate.jpeg,0,66,132,777
20,img4.plate.jpeg,0,35,119,791
21,img4.plate.jpeg,0,31,205,796
22,img4.plate.jpeg,0,53,337,783
23,img4.plate.jpeg,0,54,441,784
24,img4.plate.jpeg,0,71,664,812
25,img4.plate.jpeg,0,76,474,840
26,img4.plate.jpeg,0,72,327,856
27,img4.plate.jpeg,0,59,224,909
28,img4.plate.jpeg,0,54,181,968
29,img4.plate.jpeg,0,63,120,1026
30,img4.plate.jpeg,0,34,60,1096
31,img4.plate.jpeg,0,55,116,1106
32,img4.plate.jpeg,0,36,233,1106
33,img4.plate.jpeg,0,68,260,1082
34,img4.plate.jpeg,0,47,250,1049
35,img4.plate.jpeg,0,54,286,1046
36,img4.plate.jpeg,0,31,285,1061
37,img4.plate.jpeg,0,45,288,1098
38,img4.plate.jpeg,0,61,294,1127
39,img4.plate.jpeg,0,59,397,1140
40,img4.plate.jpeg,0,57,404,1138
41,img4.plate.jpeg,0,36,371,1151
42,img4.plate.jpeg,0,45,291,1170
43,img4.plate.jpeg,0,33,184,1178
44,img4.plate.jpeg,0,39,125,1168
45,img4.plate.jpeg,0,54,96,1250
46,img4.plate.jpeg,0,56,477,1348
47,img4.plate.jpeg,0,72,520,1339
48,img4.plate.jpeg,0,77,754,1374
49,img4.plate.jpeg,0,73,836,1387
50,img4.plate.jpeg,0,57,891,1394
51,img4.plate.jpeg,0,61,841,1328
52,img4.plate.jpeg,0,66,610,1254
53,img4.plate.jpeg,0,58,499,1228
54,img4.plate.jpeg,0,61,471,1243
55,img4.plate.jpeg,0,59,407,1281
56,img4.plate.jpeg,0,29,208,1388
57,img4.plate.jpeg,0,59,124,1411
58,img4.plate.jpeg,0,67,101,1416
59,img4.plate.jpeg,0,72,163,1374
60,img4.plate.jpeg,0,50,187,1318
61,img4.plate.jpeg,0,39,92,1377
62,img4.plate.jpeg,0,56,144,1455
63,img4.plate.jpeg,0,58,181,1486
64,img4.plate.jpeg,0,48,238,1470
65,img4.plate.jpeg,0,42,259,1461
66,img4.plate.jpeg,0,63,280,1451
67,img4.plate.jpeg,0,62,290,1493
68,img4.plate.jpeg,0,52,286,1509
69,img4.plate.jpeg,0,51,230,1553
70,img4.plate.jpeg,0,44,178,1571
71,img4.plate.jpeg,0,54,228,1575
72,img4.plate.jpeg,0,55,325,1574
73,img4.plate.jpeg,0,58,405,1557
74,img4.plate.jpeg,0,59,544,1554
75,img4.plate.jpeg,0,70,690,1559
76,img4.plate.jpeg,0,71,720,1566
77,img4.plate.jpeg,0,58,669,1569
78,img4.plate.jpeg,0,61,609,1569
79,img4.plate.jpeg,0,68,506,1587
80,img4.plate.jpeg,0,47,193,1720
81,img4.plate.jpeg,0,49,133,1734
82,img4.plate.jpeg,0,71,116,1815
83,img4.plate.jpeg,0,46,257,1803
84,img4.plate.jpeg,0,57,285,1792
85,img4.plate.jpeg,0,41,368,1783
86,img4.plate.jpeg,0,36,376,1794
87,img4.plate.jpeg,0,77,386,1805
88,img4.plate.jpeg,0,50,297,1751
89,img4.plate.jpeg,0,28,273,1761
90,img4.plate.jpeg,0,54,208,1841
91,img4.plate.jpeg,0,57,184,1839
92,img4.plate.jpeg,0,61,133,1842
93,img4.plate.jpeg,0,54,106,1862
94,img4.plate.jpeg,0,59,177,1896
95,img4.plate.jpeg,0,54,311,1909
96,img4.plate.jpeg,0,57,345,1900
97,img4.plate.jpeg,0,59,409,1913
98,img4.plate.jpeg,0,54,323,1932
99,img4.plate.jpeg,0,60,272,1927
100,img4.plate.jpeg,0,223,435,2034
101,img4.plate.jpeg,0,222,480,2042
102,img4.plate.jpeg,0,218,658,2041
103,img4.plate.jpeg,0,225,768,2023
104,img4.plate.jpeg,0,226,899,2027
105,img4.plate.jpeg,0,226,1020,2032
106,img4.plate.jpeg,0,227,1148,2035
107,img4.plate.jpeg,0,225,1267,2044
108,img4.plate.jpeg,0,227,1296,1994
109,img4.plate.jpeg,0,140,1145,1998
110,img4.plate.jpeg,0,226,1019,1996
111,img4.plate.jpeg,0,230,1002,1999
112,img4.plate.jpeg,0,237,1074,1997
113,img4.plate.jpeg,0,141,1056,1982
114,img4.plate.jpeg,0,67,862,1957
115,img4.plate.jpeg,0,61,701,1907
116,img4.plate.jpeg,0,60,711,1912
117,img4.plate.jpeg,0,61,847,1911
118,img4.plate.jpeg,0,63,985,1923
119,img4.plate.jpeg,0,66,1195,1935
120,img4.plate.jpeg,0,67,1438,1947
121,img4.plate.jpeg,0,86,1509,1972
122,img4.plate.jpeg,0,192,1514,1990
123,img4.plate.jpeg,0,227,1377,2001
124,img4.plate.jpeg,0,231,1387,2058
125,img4.plate.jpeg,0,229,1483,2033
126,img4.plate.jpeg,0,113,1999,1924
127,img4.plate.jpeg,0,117,2038,1928
128,img4.plate.jpeg,0,122,1982,1925
129,img4.plate.jpeg,0,112,1953,1928
130,img4.plate.jpeg,0,118,1965,1913
131,img4.plate.jpeg,0,108,1955,1837
132,img4.plate.jpeg,0,67,1955,1825
133,img4.plate.jpeg,0,115,1966,1806
134,img4.plate.jpeg,0,102,1971,1786
135,img4.plate.jpeg,0,45,1975,1777
136,img4.plate.jpeg,0,100,1986,1763
137,img4.plate.jpeg,0,109,1997,1749
138,img4.plate.jpeg,0,31,2026,1734
139,img4.plate.jpeg,0,51,2048,1732
140,img4.plate.jpeg,0,94,2066,1743
141,img4.plate.jpeg,0,110,2082,1752
142,img4.plate.jpeg,0,116,2079,1790
143,img4.plate.jpeg,0,130,2039,1802
144,img4.plate.jpeg,0,126,2015,1790
145,img4.plate.jpeg,0,117,1926,1570
146,img4.plate.jpeg,0,132,1868,1494
147,img4.plate.jpeg,0,118,1890,1483
148,img4.plate.jpeg,0,120,1931,1484
149,img4.plate.jpeg,0,137,1953,1480
150,img4.plate.jpeg,0,115,1959,1455
151,img4.plate.jpeg,0,113,1946,1430
152,img4.plate.jpeg,0,118,1931,1415
153,img4.plate.jpeg,0,114,1912,1392
154,img4.plate.jpeg,0,105,1891,1368
155,img4.plate.jpeg,0,72,1833,1358
156,img4.plate.jpeg,0,59,1845,1388
157,img4.plate.jpeg,0,116,1880,1424
158,img4.plate.jpeg,0,125,1896,1426
159,img4.plate.jpeg,0,71,2162,1326
160,img4.plate.jpeg,0,57,2227,1279
161,img4.plate.jpeg,0,118,2271,1196
162,img4.plate.jpeg,0,116,2293,1193
163,img4.plate.jpeg,0,112,2346,1181
164,img4.plate.jpeg,0,101,2359,1135
165,img4.plate.jpeg,0,114,2327,1120
166,img4.plate.jpeg,0,115,2314,1117
167,img4.plate.jpeg,0,122,2290,1096
168,img4.plate.jpeg,0,112,2236,1100
169,img4.plate.jpeg,0,60,2180,1114
170,img4.plate.jpeg,0,61,2096,1098
171,img4.plate.jpeg,0,65,1955,1099
172,img4.plate.jpeg,0,61,1854,1075
173,img4.plate.jpeg,0,75,1327,1372
174,img4.plate.jpeg,0,78,1552,1338
175,img4.plate.jpeg,0,73,1605,1329
176,img4.plate.jpeg,0,79,1578,1331
177,img4.plate.jpeg,0,93,1580,1346
178,img4.plate.jpeg,0,63,1538,1384
179,img4.plate.jpeg,0,66,1393,1445
180,img4.plate.jpeg,0,65,1417,1474
181,img4.plate.jpeg,0,69,1572,1474
182,img4.plate.jpeg,0,66,1609,1486
183,img4.plate.jpeg,0,47,1688,1502
184,img4.plate.jpeg,0,57,1729,1496
185,img4.plate.jpeg,0,50,1776,1491
186,img4.plate.jpeg,0,127,1907,1469
187,img4.plate.jpeg,0,69,2087,1447
188,img4.plate.jpeg,0,56,2201,1440
189,img4.plate.jpeg,0,57,2441,1372
190,img4.plate.jpeg,0,64,2633,1329
191,img4.plate.jpeg,0,50,2828,1297
192,img4.plate.jpeg,0,233,2864,1289
193,img4.plate.jpeg,0,121,2810,1180
194,img4.plate.jpeg,0,120,2821,1147
195,img4.plate.jpeg,0,121,2847,1109
196,img4.plate.jpeg,0,229,2896,1124
197,img4.plate.jpeg,0,175,2857,1139
198,img4.plate.jpeg,0,228,2878,1151
199,img4.plate.jpeg,0,229,2910,1164
200,img4.plate.jpeg,0,204,2942,1216
201,img4.plate.jpeg,0,227,2932,1289
202,img4.plate.jpeg,0,59,2877,1799
203,img4.plate.jpeg,0,54,2856,1830
204,img4.plate.jpeg,0,58,2692,1785
205,img4.plate.jpeg,0,58,2596,1788
206,img4.plate.jpeg,0,63,2528,1815
207,img4.plate.jpeg,0,57,2422,1824
208,img4.plate.jpeg,0,53,2387,1838
209,img4.plate.jpeg,0,57,2402,1836
210,img4.plate.jpeg,0,58,2413,1837
211,img4.plate.jpeg,0,51,2429,1841
212,img4.plate.jpeg,0,47,1888,1842
213,img4.plate.jpeg,0,42,1871,1843
214,img4.plate.jpeg,0,42,1851,1844
215,img4.plate.jpeg,0,43,1830,1843
216,img4.plate.jpeg,0,41,1815,1844
217,img4.plate.jpeg,0,43,1798,1844
218,img4.plate.jpeg,0,39,1787,1842
219,img4.plate.jpeg,0,45,1767,1842
220,img4.plate.jpeg,0,46,1750,1842
221,img4.plate.jpeg,0,47,1735,1841
222,img4.plate.jpeg,0,49,1725,1842
223,img4.plate.jpeg,0,57,1699,1837
224,img4.plate.jpeg,0,53,1687,1839
225,img4.plate.jpeg,0,50,1674,1839
226,img4.plate.jpeg,0,47,1651,1839
227,img4.plate.jpeg,0,60,1639,1840
228,img4.plate.jpeg,0,47,1618,1841
229,img4.plate.jpeg,0,49,1597,1838
230,img4.plate.jpeg,0,54,1589,1836
231,img4.plate.jpeg,0,64,1553,1796
232,img4.plate.jpeg,0,64,1546,1783
233,img4.plate.jpeg,0,65,1610,1736
234,img4.plate.jpeg,0,63,1832,1698
235,img4.plate.jpeg,0,92,2081,1668
236,img4.plate.jpeg,0,59,2333,1651
237,img4.plate.jpeg,0,70,2425,1659
238,img4.plate.jpeg,0,236,2924,742
239,img4.plate.jpeg,0,178,2903,636
240,img4.plate.jpeg,0,46,2877,655
241,img4.plate.jpeg,0,40,2874,694
242,img4.plate.jpeg,0,36,2874,747
243,img4.plate.jpeg,0,46,2879,799
244,img4.plate.jpeg,0,239,2890,865
245,img4.plate.jpeg,0,205,2874,904
246,img4.plate.jpeg,0,50,2845,957
247,img4.plate.jpeg,0,113,2858,1002
248,img4.plate.jpeg,0,96,2858,1023
249,img4.plate.jpeg,0,168,2862,1033
250,img4.plate.jpeg,0,170,2434,98
251,img4.plate.jpeg,0,118,2492,85
252,img4.plate.jpeg,0,96,2547,87
253,img4.plate.jpeg,0,88,2652,99
254,img4.plate.jpeg,0,51,2754,89
255,img4.plate.jpeg,0,52,2785,96
256,img4.plate.jpeg,0,83,2761,119
257,img4.plate.jpeg,0,57,2636,154
258,img4.plate.jpeg,0,56,2474,207
259,img4.plate.jpeg,0,111,2443,266
260,img4.plate.jpeg,0,113,2433,268
261,img4.plate.jpeg,0,42,2360,266
262,img4.plate.jpeg,0,74,2234,223
263,img4.plate.jpeg,0,64,2154,224
264,img4.plate.jpeg,0,62,2100,235
265,img4.plate.jpeg,0,70,1980,217
266,img4.plate.jpeg,0,64,1913,204
267,img4.plate.jpeg,0,59,1859,204
268,img4.plate.jpeg,0,65,1722,227
269,img4.plate.jpeg,0,60,1583,221
270,img4.plate.jpeg,0,64,1495,198
271,img4.plate.jpeg,0,66,1691,164
272,img4.plate.jpeg,0,66,1804,175
273,img4.plate.jpeg,0,56,1594,195
274,img4.plate.jpeg,0,62,1495,204
275,img4.plate.jpeg,0,74,1437,237
276,img4.plate.jpeg,0,67,1386,278
277,img4.plate.jpeg,0,77,1369,258
278,img4.plate.jpeg,0,69,1344,195
279,img4.plate.jpeg,0,59,1362,116
280,img4.plate.jpeg,0,181,1319,95
281,img4.plate.jpeg,0,69,1406,75
282,img4.plate.jpeg,0,174,1509,44
283,img4.plate.jpeg,0,187,1273,52
284,img4.plate.jpeg,0,189,1194,90
285,img4.plate.jpeg,0,60,1070,179
286,img4.plate.jpeg,0,61,1086,254
287,img4.plate.jpeg,0,77,1184,241
288,img4.plate.jpeg,0,71,1261,238
289,img4.plate.jpeg,0,77,1184,198
290,img4.plate.jpeg,0,77,1147,183
291,img4.plate.jpeg,0,60,1138,179
292,img4.plate.jpeg,0,83,768,223
293,img4.plate.jpeg,0,61,806,193
294,img4.plate.jpeg,0,57,786,158
295,img4.plate.jpeg,0,55,678,176
296,img4.plate.jpeg,0,61,597,229
297,img4.plate.jpeg,0,56,495,226
298,img4.plate.jpeg,0,49,489,164
299,img4.plate.jpeg,0,50,574,157
300,Red,0,59,718,204
301,img4.plate.jpeg,0,56,134,650
302,img4.plate.jpeg,0,48,77,625
303,img4.plate.jpeg,0,45,68,621
304,img4.plate.jpeg,0,48,153,612
305,img4.plate.jpeg,0,39,199,617
306,img4.plate.jpeg,0,62,224,615
307,img4.plate.jpeg,0,67,348,611
308,img4.plate.jpeg,0,55,439,613
309,img4.plate.jpeg,0,52,376,639
310,img4.plate.jpeg,0,52,338,673
311,img4.plate.jpeg,0,26,292,691
312,img4.plate.jpeg,0,67,265,713
313,img4.plate.jpeg,0,26,240,692
314,img4.plate.jpeg,0,62,258,706
315,img4.plate.jpeg,0,50,274,708
316,img4.plate.jpeg,0,77,287,725
317,img4.plate.jpeg,0,50,288,741
318,img4.plate.jpeg,0,62,170,742
319,img4.plate.jpeg,0,66,132,777
320,img4.plate.jpeg,0,35,119,791
321,img4.plate.jpeg,0,30,205,796
322,img4.plate.jpeg,0,53,337,783
323,img4.plate.jpeg,0,52,441,784
324,img4.plate.jpeg,0,65,664,812
325,img4.plate.jpeg,0,75,474,840
326,img4.plate.jpeg,0,69,327,856
327,img4.plate.jpeg,0,58,224,909
328,img4.plate.jpeg,0,53,181,968
329,img4.plate.jpeg,0,62,120,1026
330,img4.plate.jpeg,0,33,60,1096
331,img4.plate.jpeg,0,52,116,1106
332,img4.plate.jpeg,0,35,233,1106
333,img4.plate.jpeg,0,68,260,1082
334,img4.plate.jpeg,0,46,250,1049
335,img4.plate.jpeg,0,54,286,1046
336,img4.plate.jpeg,0,29,285,1061
337,img4.plate.jpeg,0,41,288,1098
338,img4.plate.jpeg,0,61,294,1127
339,img4.plate.jpeg,0,58,397,1140
340,img4.plate.jpeg,0,55,404,1138
341,img4.plate.jpeg,0,34,371,1151
342,img4.plate.jpeg,0,45,291,1170
343,img4.plate.jpeg,0,32,184,1178
344,img4.plate.jpeg,0,38,125,1168
345,img4.plate.jpeg,0,53,96,1250
346,img4.plate.jpeg,0,56,477,1348
347,img4.plate.jpeg,0,66,520,1339
348,img4.plate.jpeg,0,76,754,1374
349,img4.plate.jpeg,0,73,836,1387
350,img4.plate.jpeg,0,56,891,1394
351,img4.plate.jpeg,0,61,841,1328
352,img4.plate.jpeg,0,66,610,1254
353,img4.plate.jpeg,0,57,499,1228
354,img4.plate.jpeg,0,60,471,1243
355,img4.plate.jpeg,0,57,407,1281
356,img4.plate.jpeg,0,27,208,1388
357,img4.plate.jpeg,0,57,124,1411
358,img4.plate.jpeg,0,67,101,1416
359,img4.plate.jpeg,0,71,163,1374
360,img4.plate.jpeg,0,49,187,1318
361,img4.plate.jpeg,0,39,92,1377
362,img4.plate.jpeg,0,55,144,1455
363,img4.plate.jpeg,0,61,181,1486
364,img4.plate.jpeg,0,47,238,1470
365,img4.plate.jpeg,0,40,259,1461
366,img4.plate.jpeg,0,60,280,1451
367,img4.plate.jpeg,0,57,290,1493
368,img4.plate.jpeg,0,51,286,1509
369,img4.plate.jpeg,0,48,230,1553
370,img4.plate.jpeg,0,44,178,1571
371,img4.plate.jpeg,0,53,228,1575
372,img4.plate.jpeg,0,53,325,1574
373,img4.plate.jpeg,0,57,405,1557
374,img4.plate.jpeg,0,57,544,1554
375,img4.plate.jpeg,0,69,690,1559
376,img4.plate.jpeg,0,69,720,1566
377,img4.plate.jpeg,0,58,669,1569
378,img4.plate.jpeg,0,60,609,1569
379,img4.plate.jpeg,0,67,506,1587
380,img4.plate.jpeg,0,46,193,1720
381,img4.plate.jpeg,0,48,133,1734
382,img4.plate.jpeg,0,70,116,1815
383,img4.plate.jpeg,0,45,257,1803
384,img4.plate.jpeg,0,57,285,1792
385,img4.plate.jpeg,0,42,368,1783
386,img4.plate.jpeg,0,34,376,1794
387,img4.plate.jpeg,0,77,386,1805
388,img4.plate.jpeg,0,49,297,1751
389,img4.plate.jpeg,0,28,273,1761
390,img4.plate.jpeg,0,54,208,1841
391,img4.plate.jpeg,0,58,184,1839
392,img4.plate.jpeg,0,61,133,1842
393,img4.plate.jpeg,0,54,106,1862
394,img4.plate.jpeg,0,59,177,1896
395,img4.plate.jpeg,0,54,311,1909
396,img4.plate.jpeg,0,56,345,1900
397,img4.plate.jpeg,0,58,409,1913
398,img4.plate.jpeg,0,54,323,1932
399,img4.plate.jpeg,0,59,272,1927
400,img4.plate.jpeg,0,221,435,2034
401,img4.plate.jpeg,0,223,480,2042
402,img4.plate.jpeg,0,216,658,2041
403,img4.plate.jpeg,0,223,768,2023
404,img4.plate.jpeg,0,224,899,2027
405,img4.plate.jpeg,0,224,1020,2032
406,img4.plate.jpeg,0,226,1148,2035
407,img4.plate.jpeg,0,223,1267,2044
408,img4.plate.jpeg,0,221,1296,1994
409,img4.plate.jpeg,0,140,1145,1998
410,img4.plate.jpeg,0,223,1019,1996
411,img4.plate.jpeg,0,226,1002,1999
412,img4.plate.jpeg,0,227,1074,1997
413,img4.plate.jpeg,0,139,1056,1982
414,img4.plate.jpeg,0,67,862,1957
415,img4.plate.jpeg,0,60,701,1907
416,img4.plate.jpeg,0,60,711,1912
417,img4.plate.jpeg,0,60,847,1911
418,img4.plate.jpeg,0,61,985,1923
419,img4.plate.jpeg,0,65,1195,1935
420,img4.plate.jpeg,0,66,1438,1947
421,img4.plate.jpeg,0,86,1509,1972
422,img4.plate.jpeg,0,189,1514,1990
423,img4.plate.jpeg,0,229,1377,2001
424,img4.plate.jpeg,0,230,1387,2058
425,img4.plate.jpeg,0,228,1483,2033
426,img4.plate.jpeg,0,177,1999,1924
427,img4.plate.jpeg,0,182,2038,1928
428,img4.plate.jpeg,0,185,1982,1925
429,img4.plate.jpeg,0,178,1953,1928
430,img4.plate.jpeg,0,187,1965,1913
431,img4.plate.jpeg,0,163,1955,1837
432,img4.plate.jpeg,0,85,1955,1825
433,img4.plate.jpeg,0,178,1966,1806
434,img4.plate.jpeg,0,154,1971,1786
435,img4.plate.jpeg,0,48,1975,1777
436,img4.plate.jpeg,0,165,1986,1763
437,img4.plate.jpeg,0,179,1997,1749
438,img4.plate.jpeg,0,59,2026,1734
439,img4.plate.jpeg,0,51,2048,1732
440,img4.plate.jpeg,0,127,2066,1743
441,img4.plate.jpeg,0,163,2082,1752
442,img4.plate.jpeg,0,186,2079,1790
443,img4.plate.jpeg,0,195,2039,1802
444,img4.plate.jpeg,0,190,2015,1790
445,img4.plate.jpeg,0,166,1926,1570
446,img4.plate.jpeg,0,167,1868,1494
447,img4.plate.jpeg,0,166,1890,1483
448,img4.plate.jpeg,0,145,1931,1484
449,img4.plate.jpeg,0,172,1953,1480
450,img4.plate.jpeg,0,172,1959,1455
451,img4.plate.jpeg,0,176,1946,1430
452,img4.plate.jpeg,0,183,1931,1415
453,img4.plate.jpeg,0,178,1912,1392
454,img4.plate.jpeg,0,169,1891,1368
455,img4.plate.jpeg,0,70,1833,1358
456,img4.plate.jpeg,0,59,1845,1388
457,img4.plate.jpeg,0,177,1880,1424
458,img4.plate.jpeg,0,186,1896,1426
459,img4.plate.jpeg,0,70,2162,1326
460,img4.plate.jpeg,0,55,2227,1279
461,img4.plate.jpeg,0,176,2271,1196
462,img4.plate.jpeg,0,159,2293,1193
463,img4.plate.jpeg,0,157,2346,1181
464,img4.plate.jpeg,0,135,2359,1135
465,img4.plate.jpeg,0,155,2327,1120
466,img4.plate.jpeg,0,165,2314,1117
467,img4.plate.jpeg,0,183,2290,1096
468,img4.plate.jpeg,0,171,2236,1100
469,img4.plate.jpeg,0,60,2180,1114
470,img4.plate.jpeg,0,61,2096,1098
471,img4.plate.jpeg,0,64,1955,1099
472,img4.plate.jpeg,0,60,1854,1075
473,img4.plate.jpeg,0,74,1327,1372
474,img4.plate.jpeg,0,76,1552,1338
475,img4.plate.jpeg,0,72,1605,1329
476,img4.plate.jpeg,0,79,1578,1331
477,img4.plate.jpeg,0,95,1580,1346
478,img4.plate.jpeg,0,62,1538,1384
479,img4.plate.jpeg,0,65,1393,1445
480,img4.plate.jpeg,0,64,1417,1474
481,img4.plate.jpeg,0,67,1572,1474
482,img4.plate.jpeg,0,66,1609,1486
483,img4.plate.jpeg,0,46,1688,1502
484,img4.plate.jpeg,0,56,1729,1496
485,img4.plate.jpeg,0,49,1776,1491
486,img4.plate.jpeg,0,173,1907,1469
487,img4.plate.jpeg,0,68,2087,1447
488,img4.plate.jpeg,0,55,2201,1440
489,img4.plate.jpeg,0,56,2441,1372
490,img4.plate.jpeg,0,63,2633,1329
491,img4.plate.jpeg,0,48,2828,1297
492,img4.plate.jpeg,0,72,2864,1289
493,img4.plate.jpeg,0,189,2810,1180
494,img4.plate.jpeg,0,184,2821,1147
495,img4.plate.jpeg,0,167,2847,1109
496,img4.plate.jpeg,0,62,2896,1124
497,img4.plate.jpeg,0,99,2857,1139
498,img4.plate.jpeg,0,81,2878,1151
499,img4.plate.jpeg,0,67,2910,1164
500,img4.plate.jpeg,0,66,2942,1216
501,img4.plate.jpeg,0,61,2932,1289
502,img4.plate.jpeg,0,58,2877,1799
503,img4.plate.jpeg,0,57,2856,1830
504,img4.plate.jpeg,0,58,2692,1785
505,img4.plate.jpeg,0,57,2596,1788
506,img4.plate.jpeg,0,62,2528,1815
507,img4.plate.jpeg,0,56,2422,1824
508,img4.plate.jpeg,0,52,2387,1838
509,img4.plate.jpeg,0,56,2402,1836
510,img4.plate.jpeg,0,57,2413,1837
511,img4.plate.jpeg,0,50,2429,1841
512,img4.plate.jpeg,0,46,1888,1842
513,img4.plate.jpeg,0,42,1871,1843
514,img4.plate.jpeg,0,42,1851,1844
515,img4.plate.jpeg,0,42,1830,1843
516,img4.plate.jpeg,0,41,1815,1844
517,img4.plate.jpeg,0,43,1798,1844
518,img4.plate.jpeg,0,39,1787,1842
519,img4.plate.jpeg,0,43,1767,1842
520,img4.plate.jpeg,0,44,1750,1842
521,img4.plate.jpeg,0,46,1735,1841
522,img4.plate.jpeg,0,49,1725,1842
523,img4.plate.jpeg,0,56,1699,1837
524,img4.plate.jpeg,0,51,1687,1839
525,img4.plate.jpeg,0,48,1674,1839
526,img4.plate.jpeg,0,45,1651,1839
527,img4.plate.jpeg,0,56,1639,1840
528,img4.plate.jpeg,0,43,1618,1841
529,img4.plate.jpeg,0,47,1597,1838
530,img4.plate.jpeg,0,50,1589,1836
531,img4.plate.jpeg,0,62,1553,1796
532,img4.plate.jpeg,0,64,1546,1783
533,img4.plate.jpeg,0,63,1610,1736
534,img4.plate.jpeg,0,63,1832,1698
535,img4.plate.jpeg,0,94,2081,1668
536,img4.plate.jpeg,0,56,2333,1651
537,img4.plate.jpeg,0,68,2425,1659
538,img4.plate.jpeg,0,80,2924,742
539,img4.plate.jpeg,0,85,2903,636
540,img4.plate.jpeg,0,40,2877,655
541,img4.plate.jpeg,0,33,2874,694
542,img4.plate.jpeg,0,30,2874,747
543,img4.plate.jpeg,0,31,2879,799
544,img4.plate.jpeg,0,82,2890,865
545,img4.plate.jpeg,0,133,2874,904
546,img4.plate.jpeg,0,47,2845,957
547,img4.plate.jpeg,0,172,2858,1002
548,img4.plate.jpeg,0,143,2858,1023
549,img4.plate.jpeg,0,126,2862,1033
550,img4.plate.jpeg,0,171,2434,98
551,img4.plate.jpeg,0,118,2492,85
552,img4.plate.jpeg,0,99,2547,87
553,img4.plate.jpeg,0,87,2652,99
554,img4.plate.jpeg,0,52,2754,89
555,img4.plate.jpeg,0,51,2785,96
556,img4.plate.jpeg,0,81,2761,119
557,img4.plate.jpeg,0,56,2636,154
558,img4.plate.jpeg,0,56,2474,207
559,img4.plate.jpeg,0,171,2443,266
560,img4.plate.jpeg,0,178,2433,268
561,img4.plate.jpeg,0,55,2360,266
562,img4.plate.jpeg,0,74,2234,223
563,img4.plate.jpeg,0,64,2154,224
564,img4.plate.jpeg,0,62,2100,235
565,img4.plate.jpeg,0,70,1980,217
566,img4.plate.jpeg,0,61,1913,204
567,img4.plate.jpeg,0,57,1859,204
568,img4.plate.jpeg,0,64,1722,227
569,img4.plate.jpeg,0,59,1583,221
570,img4.plate.jpeg,0,64,1495,198
571,img4.plate.jpeg,0,65,1691,164
572,img4.plate.jpeg,0,65,1804,175
573,img4.plate.jpeg,0,55,1594,195
574,img4.plate.jpeg,0,60,1495,204
575,img4.plate.jpeg,0,72,1437,237
576,img4.plate.jpeg,0,66,1386,278
577,img4.plate.jpeg,0,79,1369,258
578,img4.plate.jpeg,0,68,1344,195
579,img4.plate.jpeg,0,58,1362,116
580,img4.plate.jpeg,0,188,1319,95
581,img4.plate.jpeg,0,68,1406,75
582,img4.plate.jpeg,0,175,1509,44
583,img4.plate.jpeg,0,189,1273,52
584,img4.plate.jpeg,0,192,1194,90
585,img4.plate.jpeg,0,60,1070,179
586,img4.plate.jpeg,0,61,1086,254
587,img4.plate.jpeg,0,75,1184,241
588,img4.plate.jpeg,0,70,1261,238
589,img4.plate.jpeg,0,77,1184,198
590,img4.plate.jpeg,0,75,1147,183
591,img4.plate.jpeg,0,60,1138,179
592,img4.plate.jpeg,0,82,768,223
593,img4.plate.jpeg,0,61,806,193
594,img4.plate.jpeg,0,57,786,158
595,img4.plate.jpeg,0,55,678,176
596,img4.plate.jpeg,0,61,597,229
597,img4.plate.jpeg,0,55,495,226
598,img4.plate.jpeg,0,49,489,164
599,img4.plate.jpeg,0,50,574,157
600,Green,0,59,718,204
601,img4.plate.jpeg,0,64,134,650
602,img4.plate.jpeg,0,54,77,625
603,img4.plate.jpeg,0,50,68,621
604,img4.plate.jpeg,0,53,153,612
605,img4.plate.jpeg,0,44,199,617
606,img4.plate.jpeg,0,67,224,615
607,img4.plate.jpeg,0,73,348,611
608,img4.plate.jpeg,0,60,439,613
609,img4.plate.jpeg,0,55,376,639
610,img4.plate.jpeg,0,60,338,673
611,img4.plate.jpeg,0,28,292,691
612,img4.plate.jpeg,0,70,265,713
613,img4.plate.jpeg,0,31,240,692
614,img4.plate.jpeg,0,74,258,706
615,img4.plate.jpeg,0,51,274,708
616,img4.plate.jpeg,0,80,287,725
617,img4.plate.jpeg,0,51,288,741
618,img4.plate.jpeg,0,70,170,742
619,img4.plate.jpeg,0,76,132,777
620,img4.plate.jpeg,0,37,119,791
621,img4.plate.jpeg,0,35,205,796
622,img4.plate.jpeg,0,61,337,783
623,img4.plate.jpeg,0,57,441,784
624,img4.plate.jpeg,0,79,664,812
625,img4.plate.jpeg,0,81,474,840
626,img4.plate.jpeg,0,76,327,856
627,img4.plate.jpeg,0,64,224,909
628,img4.plate.jpeg,0,58,181,968
629,img4.plate.jpeg,0,70,120,1026
630,img4.plate.jpeg,0,38,60,1096
631,img4.plate.jpeg,0,59,116,1106
632,img4.plate.jpeg,0,41,233,1106
633,img4.plate.jpeg,0,76,260,1082
634,img4.plate.jpeg,0,52,250,1049
635,img4.plate.jpeg,0,62,286,1046
636,img4.plate.jpeg,0,30,285,1061
637,img4.plate.jpeg,0,42,288,1098
638,img4.plate.jpeg,0,69,294,1127
639,img4.plate.jpeg,0,63,397,1140
640,img4.plate.jpeg,0,60,404,1138
641,img4.plate.jpeg,0,35,371,1151
642,img4.plate.jpeg,0,47,291,1170
643,img4.plate.jpeg,0,37,184,1178
644,img4.plate.jpeg,0,43,125,1168
645,img4.plate.jpeg,0,61,96,1250
646,img4.plate.jpeg,0,64,477,1348
647,img4.plate.jpeg,0,78,520,1339
648,img4.plate.jpeg,0,90,754,1374
649,img4.plate.jpeg,0,85,836,1387
650,img4.plate.jpeg,0,62,891,1394
651,img4.plate.jpeg,0,73,841,1328
652,img4.plate.jpeg,0,76,610,1254
653,img4.plate.jpeg,0,65,499,1228
654,img4.plate.jpeg,0,66,471,1243
655,img4.plate.jpeg,0,68,407,1281
656,img4.plate.jpeg,0,28,208,1388
657,img4.plate.jpeg,0,70,124,1411
658,img4.plate.jpeg,0,75,101,1416
659,img4.plate.jpeg,0,79,163,1374
660,img4.plate.jpeg,0,55,187,1318
661,img4.plate.jpeg,0,41,92,1377
662,img4.plate.jpeg,0,63,144,1455
663,img4.plate.jpeg,0,70,181,1486
664,img4.plate.jpeg,0,52,238,1470
665,img4.plate.jpeg,0,41,259,1461
666,img4.plate.jpeg,0,67,280,1451
667,img4.plate.jpeg,0,63,290,1493
668,img4.plate.jpeg,0,57,286,1509
669,img4.plate.jpeg,0,55,230,1553
670,img4.plate.jpeg,0,46,178,1571
671,img4.plate.jpeg,0,61,228,1575
672,img4.plate.jpeg,0,58,325,1574
673,img4.plate.jpeg,0,62,405,1557
674,img4.plate.jpeg,0,62,544,1554
675,img4.plate.jpeg,0,77,690,1559
676,img4.plate.jpeg,0,80,720,1566
677,img4.plate.jpeg,0,68,669,1569
678,img4.plate.jpeg,0,66,609,1569
679,img4.plate.jpeg,0,73,506,1587
680,img4.plate.jpeg,0,52,193,1720
681,img4.plate.jpeg,0,54,133,1734
682,img4.plate.jpeg,0,78,116,1815
683,img4.plate.jpeg,0,50,257,1803
684,img4.plate.jpeg,0,65,285,1792
685,img4.plate.jpeg,0,46,368,1783
686,img4.plate.jpeg,0,37,376,1794
687,img4.plate.jpeg,0,79,386,1805
688,img4.plate.jpeg,0,55,297,1751
689,img4.plate.jpeg,0,30,273,1761
690,img4.plate.jpeg,0,62,208,1841
691,img4.plate.jpeg,0,63,184,1839
692,img4.plate.jpeg,0,69,133,1842
693,img4.plate.jpeg,0,62,106,1862
694,img4.plate.jpeg,0,69,177,1896
695,img4.plate.jpeg,0,62,311,1909
696,img4.plate.jpeg,0,64,345,1900
697,img4.plate.jpeg,0,64,409,1913
698,img4.plate.jpeg,0,62,323,1932
699,img4.plate.jpeg,0,67,272,1927
700,img4.plate.jpeg,0,242,435,2034
701,img4.plate.jpeg,0,244,480,2042
702,img4.plate.jpeg,0,237,658,2041
703,img4.plate.jpeg,0,244,768,2023
704,img4.plate.jpeg,0,245,899,2027
705,img4.plate.jpeg,0,245,1020,2032
706,img4.plate.jpeg,0,242,1148,2035
707,img4.plate.jpeg,0,245,1267,2044
708,img4.plate.jpeg,0,231,1296,1994
709,img4.plate.jpeg,0,164,1145,1998
710,img4.plate.jpeg,0,244,1019,1996
711,img4.plate.jpeg,0,241,1002,1999
712,img4.plate.jpeg,0,238,1074,1997
713,img4.plate.jpeg,0,161,1056,1982
714,img4.plate.jpeg,0,75,862,1957
715,img4.plate.jpeg,0,66,701,1907
716,img4.plate.jpeg,0,68,711,1912
717,img4.plate.jpeg,0,68,847,1911
718,img4.plate.jpeg,0,74,985,1923
719,img4.plate.jpeg,0,73,1195,1935
720,img4.plate.jpeg,0,72,1438,1947
721,img4.plate.jpeg,0,96,1509,1972
722,img4.plate.jpeg,0,200,1514,1990
723,img4.plate.jpeg,0,250,1377,2001
724,img4.plate.jpeg,0,248,1387,2058
725,img4.plate.jpeg,0,246,1483,2033
726,img4.plate.jpeg,0,205,1999,1924
727,img4.plate.jpeg,0,214,2038,1928
728,img4.plate.jpeg,0,220,1982,1925
729,img4.plate.jpeg,0,210,1953,1928
730,img4.plate.jpeg,0,220,1965,1913
731,img4.plate.jpeg,0,183,1955,1837
732,img4.plate.jpeg,0,97,1955,1825
733,img4.plate.jpeg,0,211,1966,1806
734,img4.plate.jpeg,0,175,1971,1786
735,img4.plate.jpeg,0,55,1975,1777
736,img4.plate.jpeg,0,193,1986,1763
737,img4.plate.jpeg,0,213,1997,1749
738,img4.plate.jpeg,0,83,2026,1734
739,img4.plate.jpeg,0,61,2048,1732
740,img4.plate.jpeg,0,146,2066,1743
741,img4.plate.jpeg,0,194,2082,1752
742,img4.plate.jpeg,0,220,2079,1790
743,img4.plate.jpeg,0,235,2039,1802
744,img4.plate.jpeg,0,225,2015,1790
745,img4.plate.jpeg,0,181,1926,1570
746,img4.plate.jpeg,0,171,1868,1494
747,img4.plate.jpeg,0,176,1890,1483
748,img4.plate.jpeg,0,139,1931,1484
749,img4.plate.jpeg,0,176,1953,1480
750,img4.plate.jpeg,0,202,1959,1455
751,img4.plate.jpeg,0,209,1946,1430
752,img4.plate.jpeg,0,221,1931,1415
753,img4.plate.jpeg,0,214,1912,1392
754,img4.plate.jpeg,0,197,1891,1368
755,img4.plate.jpeg,0,81,1833,1358
756,img4.plate.jpeg,0,69,1845,1388
757,img4.plate.jpeg,0,206,1880,1424
758,img4.plate.jpeg,0,215,1896,1426
759,img4.plate.jpeg,0,78,2162,1326
760,img4.plate.jpeg,0,66,2227,1279
761,img4.plate.jpeg,0,198,2271,1196
762,img4.plate.jpeg,0,176,2293,1193
763,img4.plate.jpeg,0,178,2346,1181
764,img4.plate.jpeg,0,145,2359,1135
765,img4.plate.jpeg,0,175,2327,1120
766,img4.plate.jpeg,0,188,2314,1117
767,img4.plate.jpeg,0,212,2290,1096
768,img4.plate.jpeg,0,203,2236,1100
769,img4.plate.jpeg,0,70,2180,1114
770,img4.plate.jpeg,0,71,2096,1098
771,img4.plate.jpeg,0,72,1955,1099
772,img4.plate.jpeg,0,68,1854,1075
773,img4.plate.jpeg,0,82,1327,1372
774,img4.plate.jpeg,0,90,1552,1338
775,img4.plate.jpeg,0,80,1605,1329
776,img4.plate.jpeg,0,89,1578,1331
777,img4.plate.jpeg,0,108,1580,1346
778,img4.plate.jpeg,0,70,1538,1384
779,img4.plate.jpeg,0,73,1393,1445
780,img4.plate.jpeg,0,69,1417,1474
781,img4.plate.jpeg,0,78,1572,1474
782,img4.plate.jpeg,0,76,1609,1486
783,img4.plate.jpeg,0,51,1688,1502
784,img4.plate.jpeg,0,62,1729,1496
785,img4.plate.jpeg,0,54,1776,1491
786,img4.plate.jpeg,0,189,1907,1469
787,img4.plate.jpeg,0,74,2087,1447
788,img4.plate.jpeg,0,61,2201,1440
789,img4.plate.jpeg,0,62,2441,1372
790,img4.plate.jpeg,0,71,2633,1329
791,img4.plate.jpeg,0,53,2828,1297
792,img4.plate.jpeg,0,88,2864,1289
793,img4.plate.jpeg,0,224,2810,1180
794,img4.plate.jpeg,0,219,2821,1147
795,img4.plate.jpeg,0,182,2847,1109
796,img4.plate.jpeg,0,79,2896,1124
797,img4.plate.jpeg,0,111,2857,1139
798,img4.plate.jpeg,0,99,2878,1151
799,img4.plate.jpeg,0,90,2910,1164
800,img4.plate.jpeg,0,82,2942,1216
801,img4.plate.jpeg,0,73,2932,1289
802,img4.plate.jpeg,0,66,2877,1799
803,img4.plate.jpeg,0,64,2856,1830
804,img4.plate.jpeg,0,66,2692,1785
805,img4.plate.jpeg,0,65,2596,1788
806,img4.plate.jpeg,0,70,2528,1815
807,img4.plate.jpeg,0,64,2422,1824
808,img4.plate.jpeg,0,58,2387,1838
809,img4.plate.jpeg,0,64,2402,1836
810,img4.plate.jpeg,0,63,2413,1837
811,img4.plate.jpeg,0,56,2429,1841
812,img4.plate.jpeg,0,51,1888,1842
813,img4.plate.jpeg,0,44,1871,1843
814,img4.plate.jpeg,0,44,1851,1844
815,img4.plate.jpeg,0,47,1830,1843
816,img4.plate.jpeg,0,43,1815,1844
817,img4.plate.jpeg,0,45,1798,1844
818,img4.plate.jpeg,0,41,1787,1842
819,img4.plate.jpeg,0,48,1767,1842
820,img4.plate.jpeg,0,49,1750,1842
821,img4.plate.jpeg,0,51,1735,1841
822,img4.plate.jpeg,0,51,1725,1842
823,img4.plate.jpeg,0,62,1699,1837
824,img4.plate.jpeg,0,54,1687,1839
825,img4.plate.jpeg,0,51,1674,1839
826,img4.plate.jpeg,0,48,1651,1839
827,img4.plate.jpeg,0,57,1639,1840
828,img4.plate.jpeg,0,44,1618,1841
829,img4.plate.jpeg,0,48,1597,1838
830,img4.plate.jpeg,0,51,1589,1836
831,img4.plate.jpeg,0,73,1553,1796
832,img4.plate.jpeg,0,74,1546,1783
833,img4.plate.jpeg,0,76,1610,1736
834,img4.plate.jpeg,0,73,1832,1698
835,img4.plate.jpeg,0,106,2081,1668
836,img4.plate.jpeg,0,63,2333,1651
837,img4.plate.jpeg,0,79,2425,1659
838,img4.plate.jpeg,0,104,2924,742
839,img4.plate.jpeg,0,96,2903,636
840,img4.plate.jpeg,0,44,2877,655
841,img4.plate.jpeg,0,40,2874,694
842,img4.plate.jpeg,0,34,2874,747
843,img4.plate.jpeg,0,34,2879,799
844,img4.plate.jpeg,0,109,2890,865
845,img4.plate.jpeg,0,157,2874,904
846,img4.plate.jpeg,0,54,2845,957
847,img4.plate.jpeg,0,212,2858,1002
848,img4.plate.jpeg,0,171,2858,1023
849,img4.plate.jpeg,0,146,2862,1033
850,img4.plate.jpeg,0,176,2434,98
851,img4.plate.jpeg,0,126,2492,85
852,img4.plate.jpeg,0,114,2547,87
853,img4.plate.jpeg,0,92,2652,99
854,img4.plate.jpeg,0,57,2754,89
855,img4.plate.jpeg,0,56,2785,96
856,img4.plate.jpeg,0,82,2761,119
857,img4.plate.jpeg,0,64,2636,154
858,img4.plate.jpeg,0,66,2474,207
859,img4.plate.jpeg,0,199,2443,266
860,img4.plate.jpeg,0,206,2433,268
861,img4.plate.jpeg,0,71,2360,266
862,img4.plate.jpeg,0,82,2234,223
863,img4.plate.jpeg,0,72,2154,224
864,img4.plate.jpeg,0,74,2100,235
865,img4.plate.jpeg,0,78,1980,217
866,img4.plate.jpeg,0,70,1913,204
867,img4.plate.jpeg,0,68,1859,204
868,img4.plate.jpeg,0,72,1722,227
869,img4.plate.jpeg,0,67,1583,221
870,img4.plate.jpeg,0,76,1495,198
871,img4.plate.jpeg,0,73,1691,164
872,img4.plate.jpeg,0,73,1804,175
873,img4.plate.jpeg,0,63,1594,195
874,img4.plate.jpeg,0,71,1495,204
875,img4.plate.jpeg,0,83,1437,237
876,img4.plate.jpeg,0,80,1386,278
877,img4.plate.jpeg,0,92,1369,258
878,img4.plate.jpeg,0,76,1344,195
879,img4.plate.jpeg,0,66,1362,116
880,img4.plate.jpeg,0,206,1319,95
881,img4.plate.jpeg,0,76,1406,75
882,img4.plate.jpeg,0,193,1509,44
883,img4.plate.jpeg,0,212,1273,52
884,img4.plate.jpeg,0,207,1194,90
885,img4.plate.jpeg,0,70,1070,179
886,img4.plate.jpeg,0,71,1086,254
887,img4.plate.jpeg,0,88,1184,241
888,img4.plate.jpeg,0,76,1261,238
889,img4.plate.jpeg,0,85,1184,198
890,img4.plate.jpeg,0,86,1147,183
891,img4.plate.jpeg,0,70,1138,179
892,img4.plate.jpeg,0,96,768,223
893,img4.plate.jpeg,0,71,806,193
894,img4.plate.jpeg,0,65,786,158
895,img4.plate.jpeg,0,63,678,176
896,img4.plate.jpeg,0,71,597,229
897,img4.plate.jpeg,0,61,495,226
898,img4.plate.jpeg,0,57,489,164
899,img4.plate.jpeg,0,58,574,157
900,Blue,0,69,718,204
901,img4.plate.jpeg,0,59,134,650
902,img4.plate.jpeg,0,50,77,625
903,img4.plate.jpeg,0,47,68,621
904,img4.plate.jpeg,0,50,153,612
905,img4.plate.jpeg,0,41,199,617
906,img4.plate.jpeg,0,64,224,615
907,img4.plate.jpeg,0,71,348,611
908,img4.plate.jpeg,0,57,439,613
909,img4.plate.jpeg,0,54,376,639
910,img4.plate.jpeg,0,55,338,673
911,img4.plate.jpeg,0,27,292,691
912,img4.plate.jpeg,0,69,265,713
913,img4.plate.jpeg,0,28,240,692
914,img4.plate.jpeg,0,66,258,706
915,img4.plate.jpeg,0,52,274,708
916,img4.plate.jpeg,0,79,287,725
917,img4.plate.jpeg,0,51,288,741
918,img4.plate.jpeg,0,65,170,742
919,img4.plate.jpeg,0,69,132,777
920,img4.plate.jpeg,0,36,119,791
921,img4.plate.jpeg,0,32,205,796
922,img4.plate.jpeg,0,56,337,783
923,img4.plate.jpeg,0,54,441,784
924,img4.plate.jpeg,0,72,664,812
925,img4.plate.jpeg,0,77,474,840
926,img4.plate.jpeg,0,72,327,856
927,img4.plate.jpeg,0,60,224,909
928,img4.plate.jpeg,0,55,181,968
929,img4.plate.jpeg,0,65,120,1026
930,img4.plate.jpeg,0,35,60,1096
931,img4.plate.jpeg,0,55,116,1106
932,img4.plate.jpeg,0,37,233,1106
933,img4.plate.jpeg,0,71,260,1082
934,img4.plate.jpeg,0,48,250,1049
935,img4.plate.jpeg,0,57,286,1046
936,img4.plate.jpeg,0,30,285,1061
937,img4.plate.jpeg,0,43,288,1098
938,img4.plate.jpeg,0,64,294,1127
939,img4.plate.jpeg,0,60,397,1140
940,img4.plate.jpeg,0,57,404,1138
941,img4.plate.jpeg,0,35,371,1151
942,img4.plate.jpeg,0,46,291,1170
943,img4.plate.jpeg,0,34,184,1178
944,img4.plate.jpeg,0,40,125,1168
945,img4.plate.jpeg,0,56,96,1250
946,img4.plate.jpeg,0,59,477,1348
947,img4.plate.jpeg,0,72,520,1339
948,img4.plate.jpeg,0,81,754,1374
949,img4.plate.jpeg,0,77,836,1387
950,img4.plate.jpeg,0,58,891,1394
951,img4.plate.jpeg,0,65,841,1328
952,img4.plate.jpeg,0,69,610,1254
953,img4.plate.jpeg,0,60,499,1228
954,img4.plate.jpeg,0,62,471,1243
955,img4.plate.jpeg,0,61,407,1281
956,img4.plate.jpeg,0,28,208,1388
957,img4.plate.jpeg,0,62,124,1411
958,img4.plate.jpeg,0,70,101,1416
959,img4.plate.jpeg,0,74,163,1374
960,img4.plate.jpeg,0,51,187,1318
961,img4.plate.jpeg,0,40,92,1377
962,img4.plate.jpeg,0,58,144,1455
963,img4.plate.jpeg,0,63,181,1486
964,img4.plate.jpeg,0,49,238,1470
965,img4.plate.jpeg,0,41,259,1461
966,img4.plate.jpeg,0,63,280,1451
967,img4.plate.jpeg,0,61,290,1493
968,img4.plate.jpeg,0,53,286,1509
969,img4.plate.jpeg,0,51,230,1553
970,img4.plate.jpeg,0,45,178,1571
971,img4.plate.jpeg,0,56,228,1575
972,img4.plate.jpeg,0,55,325,1574
973,img4.plate.jpeg,0,59,405,1557
974,img4.plate.jpeg,0,59,544,1554
975,img4.plate.jpeg,0,72,690,1559
976,img4.plate.jpeg,0,73,720,1566
977,img4.plate.jpeg,0,61,669,1569
978,img4.plate.jpeg,0,62,609,1569
979,img4.plate.jpeg,0,69,506,1587
980,img4.plate.jpeg,0,48,193,1720
981,img4.plate.jpeg,0,50,133,1734
982,img4.plate.jpeg,0,73,116,1815
983,img4.plate.jpeg,0,47,257,1803
984,img4.plate.jpeg,0,60,285,1792
985,img4.plate.jpeg,0,43,368,1783
986,img4.plate.jpeg,0,36,376,1794
987,img4.plate.jpeg,0,78,386,1805
988,img4.plate.jpeg,0,51,297,1751
989,img4.plate.jpeg,0,29,273,1761
990,img4.plate.jpeg,0,57,208,1841
991,img4.plate.jpeg,0,59,184,1839
992,img4.plate.jpeg,0,64,133,1842
993,img4.plate.jpeg,0,57,106,1862
994,img4.plate.jpeg,0,62,177,1896
995,img4.plate.jpeg,0,57,311,1909
996,img4.plate.jpeg,0,59,345,1900
997,img4.plate.jpeg,0,60,409,1913
998,img4.plate.jpeg,0,57,323,1932
999,img4.plate.jpeg,0,62,272,1927
1000,img4.plate.jpeg,0,229,435,2034
1001,img4.plate.jpeg,0,230,480,2042
1002,img4.plate.jpeg,0,224,658,2041
1003,img4.plate.jpeg,0,231,768,2023
1004,img4.plate.jpeg,0,232,899,2027
1005,img4.plate.jpeg,0,232,1020,2032
1006,img4.plate.jpeg,0,232,1148,2035
1007,img4.plate.jpeg,0,231,1267,2044
1008,img4.plate.jpeg,0,226,1296,1994
1009,img4.plate.jpeg,0,148,1145,1998
1010,img4.plate.jpeg,0,231,1019,1996
1011,img4.plate.jpeg,0,232,1002,1999
1012,img4.plate.jpeg,0,234,1074,1997
1013,img4.plate.jpeg,0,147,1056,1982
1014,img4.plate.jpeg,0,70,862,1957
1015,img4.plate.jpeg,0,62,701,1907
1016,img4.plate.jpeg,0,63,711,1912
1017,img4.plate.jpeg,0,63,847,1911
1018,img4.plate.jpeg,0,66,985,1923
1019,img4.plate.jpeg,0,68,1195,1935
1020,img4.plate.jpeg,0,68,1438,1947
1021,img4.plate.jpeg,0,89,1509,1972
1022,img4.plate.jpeg,0,194,1514,1990
1023,img4.plate.jpeg,0,235,1377,2001
1024,img4.plate.jpeg,0,236,1387,2058
1025,img4.plate.jpeg,0,234,1483,2033
1026,img4.plate.jpeg,0,165,1999,1924
1027,img4.plate.jpeg,0,171,2038,1928
1028,img4.plate.jpeg,0,176,1982,1925
1029,img4.plate.jpeg,0,167,1953,1928
1030,img4.plate.jpeg,0,175,1965,1913
1031,img4.plate.jpeg,0,151,1955,1837
1032,img4.plate.jpeg,0,83,1955,1825
1033,img4.plate.jpeg,0,168,1966,1806
1034,img4.plate.jpeg,0,144,1971,1786
1035,img4.plate.jpeg,0,49,1975,1777
1036,img4.plate.jpeg,0,153,1986,1763
1037,img4.plate.jpeg,0,167,1997,1749
1038,img4.plate.jpeg,0,58,2026,1734
1039,img4.plate.jpeg,0,54,2048,1732
1040,img4.plate.jpeg,0,122,2066,1743
1041,img4.plate.jpeg,0,156,2082,1752
1042,img4.plate.jpeg,0,174,2079,1790
1043,img4.plate.jpeg,0,187,2039,1802
1044,img4.plate.jpeg,0,180,2015,1790
1045,img4.plate.jpeg,0,155,1926,1570
1046,img4.plate.jpeg,0,157,1868,1494
1047,img4.plate.jpeg,0,153,1890,1483
1048,img4.plate.jpeg,0,135,1931,1484
1049,img4.plate.jpeg,0,162,1953,1480
1050,img4.plate.jpeg,0,163,1959,1455
1051,img4.plate.jpeg,0,166,1946,1430
1052,img4.plate.jpeg,0,174,1931,1415
1053,img4.plate.jpeg,0,169,1912,1392
1054,img4.plate.jpeg,0,157,1891,1368
1055,img4.plate.jpeg,0,74,1833,1358
1056,img4.plate.jpeg,0,62,1845,1388
1057,img4.plate.jpeg,0,166,1880,1424
1058,img4.plate.jpeg,0,175,1896,1426
1059,img4.plate.jpeg,0,73,2162,1326
1060,img4.plate.jpeg,0,59,2227,1279
1061,img4.plate.jpeg,0,164,2271,1196
1062,img4.plate.jpeg,0,150,2293,1193
1063,img4.plate.jpeg,0,149,2346,1181
1064,img4.plate.jpeg,0,127,2359,1135
1065,img4.plate.jpeg,0,148,2327,1120
1066,img4.plate.jpeg,0,156,2314,1117
1067,img4.plate.jpeg,0,172,2290,1096
1068,img4.plate.jpeg,0,162,2236,1100
1069,img4.plate.jpeg,0,63,2180,1114
1070,img4.plate.jpeg,0,64,2096,1098
1071,img4.plate.jpeg,0,67,1955,1099
1072,img4.plate.jpeg,0,63,1854,1075
1073,img4.plate.jpeg,0,77,1327,1372
1074,img4.plate.jpeg,0,81,1552,1338
1075,img4.plate.jpeg,0,75,1605,1329
1076,img4.plate.jpeg,0,82,1578,1331
1077,img4.plate.jpeg,0,99,1580,1346
1078,img4.plate.jpeg,0,65,1538,1384
1079,img4.plate.jpeg,0,68,1393,1445
1080,img4.plate.jpeg,0,66,1417,1474
1081,img4.plate.jpeg,0,71,1572,1474
1082,img4.plate.jpeg,0,69,1609,1486
1083,img4.plate.jpeg,0,48,1688,1502
1084,img4.plate.jpeg,0,58,1729,1496
1085,img4.plate.jpeg,0,51,1776,1491
1086,img4.plate.jpeg,0,163,1907,1469
1087,img4.plate.jpeg,0,70,2087,1447
1088,img4.plate.jpeg,0,57,2201,1440
1089,img4.plate.jpeg,0,58,2441,1372
1090,img4.plate.jpeg,0,66,2633,1329
1091,img4.plate.jpeg,0,50,2828,1297
1092,img4.plate.jpeg,0,131,2864,1289
1093,img4.plate.jpeg,0,178,2810,1180
1094,img4.plate.jpeg,0,174,2821,1147
1095,img4.plate.jpeg,0,157,2847,1109
1096,img4.plate.jpeg,0,123,2896,1124
1097,img4.plate.jpeg,0,128,2857,1139
1098,img4.plate.jpeg,0,136,2878,1151
1099,img4.plate.jpeg,0,129,2910,1164
1100,img4.plate.jpeg,0,117,2942,1216
1101,img4.plate.jpeg,0,120,2932,1289
1102,img4.plate.jpeg,0,61,2877,1799
1103,img4.plate.jpeg,0,58,2856,1830
1104,img4.plate.jpeg,0,61,2692,1785
1105,img4.plate.jpeg,0,60,2596,1788
1106,img4.plate.jpeg,0,65,2528,1815
1107,img4.plate.jpeg,0,59,2422,1824
1108,img4.plate.jpeg,0,54,2387,1838
1109,img4.plate.jpeg,0,59,2402,1836
1110,img4.plate.jpeg,0,59,2413,1837
1111,img4.plate.jpeg,0,52,2429,1841
1112,img4.plate.jpeg,0,48,1888,1842
1113,img4.plate.jpeg,0,43,1871,1843
1114,img4.plate.jpeg,0,43,1851,1844
1115,img4.plate.jpeg,0,44,1830,1843
1116,img4.plate.jpeg,0,42,1815,1844
1117,img4.plate.jpeg,0,44,1798,1844
1118,img4.plate.jpeg,0,40,1787,1842
1119,img4.plate.jpeg,0,45,1767,1842
1120,img4.plate.jpeg,0,46,1750,1842
1121,img4.plate.jpeg,0,48,1735,1841
1122,img4.plate.jpeg,0,50,1725,1842
1123,img4.plate.jpeg,0,58,1699,1837
1124,img4.plate.jpeg,0,53,1687,1839
1125,img4.plate.jpeg,0,50,1674,1839
1126,img4.plate.jpeg,0,47,1651,1839
1127,img4.plate.jpeg,0,58,1639,1840
1128,img4.plate.jpeg,0,45,1618,1841
1129,img4.plate.jpeg,0,48,1597,1838
1130,img4.plate.jpeg,0,52,1589,1836
1131,img4.plate.jpeg,0,66,1553,1796
1132,img4.plate.jpeg,0,67,1546,1783
1133,img4.plate.jpeg,0,68,1610,1736
1134,img4.plate.jpeg,0,66,1832,1698
1135,img4.plate.jpeg,0,97,2081,1668
1136,img4.plate.jpeg,0,59,2333,1651
1137,img4.plate.jpeg,0,72,2425,1659
1138,img4.plate.jpeg,0,140,2924,742
1139,img4.plate.jpeg,0,120,2903,636
1140,img4.plate.jpeg,0,43,2877,655
1141,img4.plate.jpeg,0,38,2874,694
1142,img4.plate.jpeg,0,33,2874,747
1143,img4.plate.jpeg,0,37,2879,799
1144,img4.plate.jpeg,0,143,2890,865
1145,img4.plate.jpeg,0,165,2874,904
1146,img4.plate.jpeg,0,50,2845,957
1147,img4.plate.jpeg,0,166,2858,1002
1148,img4.plate.jpeg,0,137,2858,1023
1149,img4.plate.jpeg,0,147,2862,1033
1150,img4.plate.jpeg,0,172,2434,98
1151,img4.plate.jpeg,0,121,2492,85
1152,img4.plate.jpeg,0,103,2547,87
1153,img4.plate.jpeg,0,89,2652,99
1154,img4.plate.jpeg,0,53,2754,89
1155,img4.plate.jpeg,0,53,2785,96
1156,img4.plate.jpeg,0,82,2761,119
1157,img4.plate.jpeg,0,59,2636,154
1158,img4.plate.jpeg,0,59,2474,207
1159,img4.plate.jpeg,0,160,2443,266
1160,img4.plate.jpeg,0,166,2433,268
1161,img4.plate.jpeg,0,56,2360,266
1162,img4.plate.jpeg,0,77,2234,223
1163,img4.plate.jpeg,0,67,2154,224
1164,img4.plate.jpeg,0,66,2100,235
1165,img4.plate.jpeg,0,73,1980,217
1166,img4.plate.jpeg,0,65,1913,204
1167,img4.plate.jpeg,0,61,1859,204
1168,img4.plate.jpeg,0,67,1722,227
1169,img4.plate.jpeg,0,62,1583,221
1170,img4.plate.jpeg,0,68,1495,198
1171,img4.plate.jpeg,0,68,1691,164
1172,img4.plate.jpeg,0,68,1804,175
1173,img4.plate.jpeg,0,58,1594,195
1174,img4.plate.jpeg,0,64,1495,204
1175,img4.plate.jpeg,0,76,1437,237
1176,img4.plate.jpeg,0,71,1386,278
1177,img4.plate.jpeg,0,83,1369,258
1178,img4.plate.jpeg,0,71,1344,195
1179,img4.plate.jpeg,0,61,1362,116
1180,img4.plate.jpeg,0,192,1319,95
1181,img4.plate.jpeg,0,71,1406,75
1182,img4.plate.jpeg,0,181,1509,44
1183,img4.plate.jpeg,0,196,1273,52
1184,img4.plate.jpeg,0,196,1194,90
1185,img4.plate.jpeg,0,63,1070,179
1186,img4.plate.jpeg,0,64,1086,254
1187,img4.plate.jpeg,0,80,1184,241
1188,img4.plate.jpeg,0,72,1261,238
1189,img4.plate.jpeg,0,80,1184,198
1190,img4.plate.jpeg,0,79,1147,183
1191,img4.plate.jpeg,0,63,1138,179
1192,img4.plate.jpeg,0,87,768,223
1193,img4.plate.jpeg,0,64,806,193
1194,img4.plate.jpeg,0,60,786,158
1195,img4.plate.jpeg,0,58,678,176
1196,img4.plate.jpeg,0,64,597,229
1197,img4.plate.jpeg,0,57,495,226
1198,img4.plate.jpeg,0,52,489,164
1199,img4.plate.jpeg,0,53,574,157
1200,(R+G+B)/3,0,62,718,204
1201,img4.plate.jpeg,0,57,134,650
1202,img4.plate.jpeg,0,49,77,625
1203,img4.plate.jpeg,0,46,68,621
1204,img4.plate.jpeg,0,49,153,612
1205,img4.plate.jpeg,0,40,199,617
1206,img4.plate.jpeg,0,63,224,615
1207,img4.plate.jpeg,0,69,348,611
1208,img4.plate.jpeg,0,56,439,613
1209,img4.plate.jpeg,0,53,376,639
1210,img4.plate.jpeg,0,53,338,673
1211,img4.plate.jpeg,0,26,292,691
1212,img4.plate.jpeg,0,68,265,713
1213,img4.plate.jpeg,0,27,240,692
1214,img4.plate.jpeg,0,63,258,706
1215,img4.plate.jpeg,0,51,274,708
1216,img4.plate.jpeg,0,78,287,725
1217,img4.plate.jpeg,0,51,288,741
1218,img4.plate.jpeg,0,63,170,742
1219,img4.plate.jpeg,0,67,132,777
1220,img4.plate.jpeg,0,35,119,791
1221,img4.plate.jpeg,0,31,205,796
1222,img4.plate.jpeg,0,54,337,783
1223,img4.plate.jpeg,0,53,441,784
1224,img4.plate.jpeg,0,68,664,812
1225,img4.plate.jpeg,0,76,474,840
1226,img4.plate.jpeg,0,71,327,856
1227,img4.plate.jpeg,0,59,224,909
1228,img4.plate.jpeg,0,54,181,968
1229,img4.plate.jpeg,0,63,120,1026
1230,img4.plate.jpeg,0,34,60,1096
1231,img4.plate.jpeg,0,54,116,1106
1232,img4.plate.jpeg,0,36,233,1106
1233,img4.plate.jpeg,0,69,260,1082
1234,img4.plate.jpeg,0,47,250,1049
1235,img4.plate.jpeg,0,55,286,1046
1236,img4.plate.jpeg,0,30,285,1061
1237,img4.plate.jpeg,0,42,288,1098
1238,img4.plate.jpeg,0,62,294,1127
1239,img4.plate.jpeg,0,59,397,1140
1240,img4.plate.jpeg,0,56,404,1138
1241,img4.plate.jpeg,0,35,371,1151
1242,img4.plate.jpeg,0,45,291,1170
1243,img4.plate.jpeg,0,33,184,1178
1244,img4.plate.jpeg,0,39,125,1168
1245,img4.plate.jpeg,0,54,96,1250
1246,img4.plate.jpeg,0,57,477,1348
1247,img4.plate.jpeg,0,69,520,1339
1248,img4.plate.jpeg,0,78,754,1374
1249,img4.plate.jpeg,0,74,836,1387
1250,img4.plate.jpeg,0,57,891,1394
1251,img4.plate.jpeg,0,62,841,1328
1252,img4.plate.jpeg,0,67,610,1254
1253,img4.plate.jpeg,0,58,499,1228
1254,img4.plate.jpeg,0,61,471,1243
1255,img4.plate.jpeg,0,59,407,1281
1256,img4.plate.jpeg,0,28,208,1388
1257,img4.plate.jpeg,0,59,124,1411
1258,img4.plate.jpeg,0,68,101,1416
1259,img4.plate.jpeg,0,72,163,1374
1260,img4.plate.jpeg,0,50,187,1318
1261,img4.plate.jpeg,0,39,92,1377
1262,img4.plate.jpeg,0,56,144,1455
1263,img4.plate.jpeg,0,61,181,1486
1264,img4.plate.jpeg,0,48,238,1470
1265,img4.plate.jpeg,0,41,259,1461
1266,img4.plate.jpeg,0,62,280,1451
1267,img4.plate.jpeg,0,59,290,1493
1268,img4.plate.jpeg,0,52,286,1509
1269,img4.plate.jpeg,0,50,230,1553
1270,img4.plate.jpeg,0,44,178,1571
1271,img4.plate.jpeg,0,54,228,1575
1272,img4.plate.jpeg,0,54,325,1574
1273,img4.plate.jpeg,0,58,405,1557
1274,img4.plate.jpeg,0,58,544,1554
1275,img4.plate.jpeg,0,70,690,1559
1276,img4.plate.jpeg,0,71,720,1566
1277,img4.plate.jpeg,0,59,669,1569
1278,img4.plate.jpeg,0,61,609,1569
1279,img4.plate.jpeg,0,68,506,1587
1280,img4.plate.jpeg,0,47,193,1720
1281,img4.plate.jpeg,0,49,133,1734
1282,img4.plate.jpeg,0,71,116,1815
1283,img4.plate.jpeg,0,46,257,1803
1284,img4.plate.jpeg,0,58,285,1792
1285,img4.plate.jpeg,0,42,368,1783
1286,img4.plate.jpeg,0,35,376,1794
1287,img4.plate.jpeg,0,77,386,1805
1288,img4.plate.jpeg,0,50,297,1751
1289,img4.plate.jpeg,0,28,273,1761
1290,img4.plate.jpeg,0,55,208,1841
1291,img4.plate.jpeg,0,58,184,1839
1292,img4.plate.jpeg,0,62,133,1842
1293,img4.plate.jpeg,0,55,106,1862
1294,img4.plate.jpeg,0,60,177,1896
1295,img4.plate.jpeg,0,55,311,1909
1296,img4.plate.jpeg,0,57,345,1900
1297,img4.plate.jpeg,0,59,409,1913
1298,img4.plate.jpeg,0,55,323,1932
1299,img4.plate.jpeg,0,60,272,1927
1300,img4.plate.jpeg,0,224,435,2034
1301,img4.plate.jpeg,0,225,480,2042
1302,img4.plate.jpeg,0,219,658,2041
1303,img4.plate.jpeg,0,226,768,2023
1304,img4.plate.jpeg,0,227,899,2027
1305,img4.plate.jpeg,0,227,1020,2032
1306,img4.plate.jpeg,0,228,1148,2035
1307,img4.plate.jpeg,0,226,1267,2044
1308,img4.plate.jpeg,0,224,1296,1994
1309,img4.plate.jpeg,0,143,1145,1998
1310,img4.plate.jpeg,0,226,1019,1996
1311,img4.plate.jpeg,0,229,1002,1999
1312,img4.plate.jpeg,0,231,1074,1997
1313,img4.plate.jpeg,0,142,1056,1982
1314,img4.plate.jpeg,0,68,862,1957
1315,img4.plate.jpeg,0,61,701,1907
1316,img4.plate.jpeg,0,61,711,1912
1317,img4.plate.jpeg,0,61,847,1911
1318,img4.plate.jpeg,0,63,985,1923
1319,img4.plate.jpeg,0,66,1195,1935
1320,img4.plate.jpeg,0,67,1438,1947
1321,img4.plate.jpeg,0,87,1509,1972
1322,img4.plate.jpeg,0,191,1514,1990
1323,img4.plate.jpeg,0,231,1377,2001
1324,img4.plate.jpeg,0,232,1387,2058
1325,img4.plate.jpeg,0,230,1483,2033
1326,img4.plate.jpeg,0,161,1999,1924
1327,img4.plate.jpeg,0,166,2038,1928
1328,img4.plate.jpeg,0,170,1982,1925
1329,img4.plate.jpeg,0,162,1953,1928
1330,img4.plate.jpeg,0,170,1965,1913
1331,img4.plate.jpeg,0,149,1955,1837
1332,img4.plate.jpeg,0,81,1955,1825
1333,img4.plate.jpeg,0,163,1966,1806
1334,img4.plate.jpeg,0,141,1971,1786
1335,img4.plate.jpeg,0,48,1975,1777
1336,img4.plate.jpeg,0,149,1986,1763
1337,img4.plate.jpeg,0,162,1997,1749
1338,img4.plate.jpeg,0,53,2026,1734
1339,img4.plate.jpeg,0,52,2048,1732
1340,img4.plate.jpeg,0,119,2066,1743
1341,img4.plate.jpeg,0,151,2082,1752
1342,img4.plate.jpeg,0,169,2079,1790
1343,img4.plate.jpeg,0,180,2039,1802
1344,img4.plate.jpeg,0,175,2015,1790
1345,img4.plate.jpeg,0,153,1926,1570
1346,img4.plate.jpeg,0,157,1868,1494
1347,img4.plate.jpeg,0,153,1890,1483
1348,img4.plate.jpeg,0,137,1931,1484
1349,img4.plate.jpeg,0,162,1953,1480
1350,img4.plate.jpeg,0,158,1959,1455
1351,img4.plate.jpeg,0,161,1946,1430
1352,img4.plate.jpeg,0,168,1931,1415
1353,img4.plate.jpeg,0,163,1912,1392
1354,img4.plate.jpeg,0,153,1891,1368
1355,img4.plate.jpeg,0,72,1833,1358
1356,img4.plate.jpeg,0,60,1845,1388
1357,img4.plate.jpeg,0,162,1880,1424
1358,img4.plate.jpeg,0,171,1896,1426
1359,img4.plate.jpeg,0,71,2162,1326
1360,img4.plate.jpeg,0,57,2227,1279
1361,img4.plate.jpeg,0,161,2271,1196
1362,img4.plate.jpeg,0,148,2293,1193
1363,img4.plate.jpeg,0,146,2346,1181
1364,img4.plate.jpeg,0,126,2359,1135
1365,img4.plate.jpeg,0,145,2327,1120
1366,img4.plate.jpeg,0,153,2314,1117
1367,img4.plate.jpeg,0,168,2290,1096
1368,img4.plate.jpeg,0,157,2236,1100
1369,img4.plate.jpeg,0,61,2180,1114
1370,img4.plate.jpeg,0,62,2096,1098
1371,img4.plate.jpeg,0,65,1955,1099
1372,img4.plate.jpeg,0,61,1854,1075
1373,img4.plate.jpeg,0,75,1327,1372
1374,img4.plate.jpeg,0,78,1552,1338
1375,img4.plate.jpeg,0,73,1605,1329
1376,img4.plate.jpeg,0,80,1578,1331
1377,img4.plate.jpeg,0,96,1580,1346
1378,img4.plate.jpeg,0,63,1538,1384
1379,img4.plate.jpeg,0,66,1393,1445
1380,img4.plate.jpeg,0,65,1417,1474
1381,img4.plate.jpeg,0,69,1572,1474
1382,img4.plate.jpeg,0,67,1609,1486
1383,img4.plate.jpeg,0,47,1688,1502
1384,img4.plate.jpeg,0,57,1729,1496
1385,img4.plate.jpeg,0,50,1776,1491
1386,img4.plate.jpeg,0,161,1907,1469
1387,img4.plate.jpeg,0,69,2087,1447
1388,img4.plate.jpeg,0,56,2201,1440
1389,img4.plate.jpeg,0,57,2441,1372
1390,img4.plate.jpeg,0,64,2633,1329
1391,img4.plate.jpeg,0,49,2828,1297
1392,img4.plate.jpeg,0,122,2864,1289
1393,img4.plate.jpeg,0,173,2810,1180
1394,img4.plate.jpeg,0,169,2821,1147
1395,img4.plate.jpeg,0,155,2847,1109
1396,img4.plate.jpeg,0,114,2896,1124
1397,img4.plate.jpeg,0,123,2857,1139
1398,img4.plate.jpeg,0,127,2878,1151
1399,img4.plate.jpeg,0,118,2910,1164
1400,img4.plate.jpeg,0,109,2942,1216
1401,img4.plate.jpeg,0,112,2932,1289
1402,img4.plate.jpeg,0,59,2877,1799
1403,img4.plate.jpeg,0,57,2856,1830
1404,img4.plate.jpeg,0,59,2692,1785
1405,img4.plate.jpeg,0,58,2596,1788
1406,img4.plate.jpeg,0,63,2528,1815
1407,img4.plate.jpeg,0,57,2422,1824
1408,img4.plate.jpeg,0,53,2387,1838
1409,img4.plate.jpeg,0,57,2402,1836
1410,img4.plate.jpeg,0,58,2413,1837
1411,img4.plate.jpeg,0,51,2429,1841
1412,img4.plate.jpeg,0,47,1888,1842
1413,img4.plate.jpeg,0,42,1871,1843
1414,img4.plate.jpeg,0,42,1851,1844
1415,img4.plate.jpeg,0,43,1830,1843
1416,img4.plate.jpeg,0,41,1815,1844
1417,img4.plate.jpeg,0,43,1798,1844
1418,img4.plate.jpeg,0,39,1787,1842
1419,img4.plate.jpeg,0,44,1767,1842
1420,img4.plate.jpeg,0,45,1750,1842
1421,img4.plate.jpeg,0,47,1735,1841
1422,img4.plate.jpeg,0,49,1725,1842
1423,img4.plate.jpeg,0,57,1699,1837
1424,img4.plate.jpeg,0,52,1687,1839
1425,img4.plate.jpeg,0,49,1674,1839
1426,img4.plate.jpeg,0,46,1651,1839
1427,img4.plate.jpeg,0,57,1639,1840
1428,img4.plate.jpeg,0,44,1618,1841
1429,img4.plate.jpeg,0,48,1597,1838
1430,img4.plate.jpeg,0,51,1589,1836
1431,img4.plate.jpeg,0,64,1553,1796
1432,img4.plate.jpeg,0,65,1546,1783
1433,img4.plate.jpeg,0,65,1610,1736
1434,img4.plate.jpeg,0,64,1832,1698
1435,img4.plate.jpeg,0,95,2081,1668
1436,img4.plate.jpeg,0,58,2333,1651
1437,img4.plate.jpeg,0,70,2425,1659
1438,img4.plate.jpeg,0,129,2924,742
1439,img4.plate.jpeg,0,114,2903,636
1440,img4.plate.jpeg,0,42,2877,655
1441,img4.plate.jpeg,0,36,2874,694
1442,img4.plate.jpeg,0,32,2874,747
1443,img4.plate.jpeg,0,36,2879,799
1444,img4.plate.jpeg,0,132,2890,865
1445,img4.plate.jpeg,0,157,2874,904
1446,img4.plate.jpeg,0,49,2845,957
1447,img4.plate.jpeg,0,159,2858,1002
1448,img4.plate.jpeg,0,132,2858,1023
1449,img4.plate.jpeg,0,141,2862,1033
1450,img4.plate.jpeg,0,171,2434,98
1451,img4.plate.jpeg,0,119,2492,85
1452,img4.plate.jpeg,0,100,2547,87
1453,img4.plate.jpeg,0,88,2652,99
1454,img4.plate.jpeg,0,52,2754,89
1455,img4.plate.jpeg,0,52,2785,96
1456,img4.plate.jpeg,0,82,2761,119
1457,img4.plate.jpeg,0,57,2636,154
1458,img4.plate.jpeg,0,57,2474,207
1459,img4.plate.jpeg,0,156,2443,266
1460,img4.plate.jpeg,0,162,2433,268
1461,img4.plate.jpeg,0,53,2360,266
1462,img4.plate.jpeg,0,75,2234,223
1463,img4.plate.jpeg,0,65,2154,224
1464,img4.plate.jpeg,0,63,2100,235
1465,img4.plate.jpeg,0,71,1980,217
1466,img4.plate.jpeg,0,63,1913,204
1467,img4.plate.jpeg,0,59,1859,204
1468,img4.plate.jpeg,0,65,1722,227
1469,img4.plate.jpeg,0,60,1583,221
1470,img4.plate.jpeg,0,65,1495,198
1471,img4.plate.jpeg,0,66,1691,164
1472,img4.plate.jpeg,0,66,1804,175
1473,img4.plate.jpeg,0,56,1594,195
1474,img4.plate.jpeg,0,62,1495,204
1475,img4.plate.jpeg,0,74,1437,237
1476,img4.plate.jpeg,0,68,1386,278
1477,img4.plate.jpeg,0,80,1369,258
1478,img4.plate.jpeg,0,69,1344,195
1479,img4.plate.jpeg,0,59,1362,116
1480,img4.plate.jpeg,0,188,1319,95
1481,img4.plate.jpeg,0,69,1406,75
1482,img4.plate.jpeg,0,177,1509,44
1483,img4.plate.jpeg,0,191,1273,52
1484,img4.plate.jpeg,0,193,1194,90
1485,img4.plate.jpeg,0,61,1070,179
1486,img4.plate.jpeg,0,62,1086,254
1487,img4.plate.jpeg,0,77,1184,241
1488,img4.plate.jpeg,0,71,1261,238
1489,img4.plate.jpeg,0,78,1184,198
1490,img4.plate.jpeg,0,77,1147,183
1491,img4.plate.jpeg,0,61,1138,179
1492,img4.plate.jpeg,0,84,768,223
1493,img4.plate.jpeg,0,62,806,193
1494,img4.plate.jpeg,0,58,786,158
1495,img4.plate.jpeg,0,56,678,176
1496,img4.plate.jpeg,0,62,597,229
1497,img4.plate.jpeg,0,56,495,226
1498,img4.plate.jpeg,0,50,489,164
1499,img4.plate.jpeg,0,51,574,157
1500,0.299R+0.587G+0.114B,0,60,718,204
